<keymap version="1" name="ReSharper copy" parent="ReSharper">
  <action id="Arrangement.Alias.Rule.Add" />
  <action id="Arrangement.Rule.Add" />
  <action id="Back">
    <keyboard-shortcut first-keystroke="ctrl minus" />
    <keyboard-shortcut first-keystroke="ctrl subtract" />
    <mouse-shortcut keystroke="button4" />
    <keyboard-shortcut first-keystroke="alt left" />
  </action>
  <action id="FileChooser.NewFolder">
    <keyboard-shortcut first-keystroke="alt insert" />
  </action>
  <action id="FileChooser.TogglePathBar" />
  <action id="Forward">
    <keyboard-shortcut first-keystroke="shift ctrl minus" />
    <keyboard-shortcut first-keystroke="shift ctrl subtract" />
    <mouse-shortcut keystroke="button5" />
    <keyboard-shortcut first-keystroke="alt right" />
  </action>
  <action id="Generate">
    <keyboard-shortcut first-keystroke="alt insert" />
    <keyboard-shortcut first-keystroke="ctrl n" />
  </action>
  <action id="GotoFile" />
  <action id="NewElement" />
  <action id="NewElementSamePlace">
    <keyboard-shortcut first-keystroke="shift ctrl n" />
  </action>
  <action id="NextTab" />
  <action id="ParameterInfo" />
  <action id="PreviousTab" />
  <action id="SearchEverywhere">
    <keyboard-shortcut first-keystroke="ctrl p" />
  </action>
  <action id="ServiceView.AddService" />
  <action id="Uml.NewElement" />
</keymap>