<application>
  <component name="AspNetCodeFoldingSettings">
    <option name="collapseWebContainers" value="true" />
  </component>
  <component name="RiderCodeCompletionExtraSettings">
    <option name="allowToCompleteWithWhitespace" value="false" />
    <option name="hasNotifiedAboutCompletingWithEnter" value="true" />
    <option name="hasNotifiedAboutCompletingWithSpace" value="true" />
  </component>
  <component name="RiderDefaultCodeFoldingSettings">
    <option name="collapseCaseSectionBodies" value="true" />
    <option name="collapseComments" value="true" />
  </component>
</application>