<application>
  <component name="GeneralSettings">
    <option name="confirmExit" value="false" />
    <option name="confirmOpenNewProject2" value="0" />
    <option name="processCloseConfirmation" value="TERMINATE" />
    <option name="reopenLastProject" value="false" />
    <option name="useDefaultBrowser" value="false" />
  </component>
  <component name="Registry">
    <entry key="rdclient.asyncActions" value="false" />
    <entry key="ide.experimental.ui" value="true" />
  </component>
</application>