<application>
  <component name="ProjectManager">
    <defaultProject>
      <component name="Encoding" addBOMForNewFiles="with BOM under Windows, with no BOM otherwise" />
      <component name="WindowStateProjectService">
        <state x="234" y="228" key="Rider.ProjectTemplateDialog.Size" timestamp="1675491391216">
          <screen x="0" y="0" width="1707" height="929" />
        </state>
        <state x="192" y="237" key="Rider.ProjectTemplateDialog.Size/0.0.1707.1036" timestamp="1674628947903" />
        <state x="234" y="228" key="Rider.ProjectTemplateDialog.Size/0.0.1707.929" timestamp="1675491391216" />
        <state x="446" y="203" key="Rider.ProjectTemplateDialog.Size/0.31.1707.929" timestamp="1670841772601" />
        <state x="247" y="220" key="Rider.ProjectTemplateDialog.Size/62.0.1645.960" timestamp="1673250821958" />
      </component>
    </defaultProject>
  </component>
</application>